issue,company_response,complaints
"Advertising and marketing, including promotional offers",Closed with explanation,5691
"Advertising and marketing, including promotional offers",Closed with monetary relief,1229
"Advertising and marketing, including promotional offers",Closed with non-monetary relief,1068
"Advertising and marketing, including promotional offers",Untimely response,6
"Advertising and marketing, including promotional offers",In progress,1
Closing your account,Closed with explanation,10845
Closing your account,Closed with non-monetary relief,1708
Closing your account,Closed with monetary relief,1104
Closing your account,Untimely response,38
Closing your account,In progress,3
Credit monitoring or identity theft protection services,Closed with explanation,359
Credit monitoring or identity theft protection services,Closed with non-monetary relief,98
Credit monitoring or identity theft protection services,Closed with monetary relief,20
Credit monitoring or identity theft protection services,Untimely response,1
Fees or interest,Closed with explanation,12139
Fees or interest,Closed with monetary relief,6160
Fees or interest,Closed with non-monetary relief,893
Fees or interest,Untimely response,18
Fees or interest,In progress,6
Getting a credit card,Closed with explanation,17537
Getting a credit card,Closed with non-monetary relief,8020
Getting a credit card,Closed with monetary relief,452
Getting a credit card,Untimely response,47
Getting a credit card,In progress,4
Improper use of your report,Closed with explanation,1349
Improper use of your report,Closed with non-monetary relief,515
Improper use of your report,Closed with monetary relief,8
Improper use of your report,Untimely response,3
Incorrect information on your report,Closed with explanation,17216
Incorrect information on your report,Closed with non-monetary relief,13011
Incorrect information on your report,Closed with monetary relief,237
Incorrect information on your report,Untimely response,14
Incorrect information on your report,In progress,2
"Other features, terms, or problems",Closed with explanation,15023
"Other features, terms, or problems",Closed with monetary relief,3027
"Other features, terms, or problems",Closed with non-monetary relief,2680
"Other features, terms, or problems",Untimely response,42
"Other features, terms, or problems",In progress,4
Problem when making payments,Closed with explanation,8129
Problem when making payments,Closed with monetary relief,2166
Problem when making payments,Closed with non-monetary relief,960
Problem when making payments,Untimely response,34
Problem when making payments,In progress,2
Problem with a company's investigation into an existing problem,Closed with explanation,11712
Problem with a company's investigation into an existing problem,Closed with non-monetary relief,10061
Problem with a company's investigation into an existing problem,Closed with monetary relief,208
Problem with a company's investigation into an existing problem,Untimely response,4
Problem with a company's investigation into an existing problem,In progress,1
Problem with a purchase shown on your statement,Closed with explanation,33676
Problem with a purchase shown on your statement,Closed with monetary relief,14106
Problem with a purchase shown on your statement,Closed with non-monetary relief,2926
Problem with a purchase shown on your statement,Untimely response,55
Problem with a purchase shown on your statement,In progress,13
Problem with fraud alerts or security freezes,Closed with explanation,149
Problem with fraud alerts or security freezes,Closed with non-monetary relief,50
Problem with fraud alerts or security freezes,Closed with monetary relief,12
Problem with fraud alerts or security freezes,Untimely response,2
Struggling to pay your bill,Closed with explanation,2228
Struggling to pay your bill,Closed with non-monetary relief,351
Struggling to pay your bill,Closed with monetary relief,150
Struggling to pay your bill,Untimely response,3
Trouble using your card,Closed with explanation,6029
Trouble using your card,Closed with non-monetary relief,758
Trouble using your card,Closed with monetary relief,342
Trouble using your card,Untimely response,15
Trouble using your card,In progress,4
Unable to get your credit report or credit score,Closed with explanation,89
Unable to get your credit report or credit score,Closed with non-monetary relief,11
Unable to get your credit report or credit score,Closed with monetary relief,2
Unable to get your credit report or credit score,Untimely response,1
