month,issue,complaints
2024-01,Problem with a purchase shown on your statement,1190
2024-01,Getting a credit card,834
2024-01,Problem with a company's investigation into an existing problem,558
2024-01,"Other features, terms, or problems",544
2024-01,Incorrect information on your report,502
2024-01,Fees or interest,454
2024-01,Problem when making payments,349
2024-01,Closing your account,303
2024-01,"Advertising and marketing, including promotional offers",197
2024-01,Trouble using your card,185
2024-01,Improper use of your report,63
2024-01,Struggling to pay your bill,53
2024-01,Credit monitoring or identity theft protection services,10
2024-01,Problem with fraud alerts or security freezes,4
2024-01,Unable to get your credit report or credit score,1
2024-02,Problem with a purchase shown on your statement,1214
2024-02,Getting a credit card,706
2024-02,Problem with a company's investigation into an existing problem,596
2024-02,"Other features, terms, or problems",533
2024-02,Fees or interest,445
2024-02,Incorrect information on your report,429
2024-02,Problem when making payments,379
2024-02,Closing your account,352
2024-02,Trouble using your card,187
2024-02,"Advertising and marketing, including promotional offers",180
2024-02,Improper use of your report,83
2024-02,Struggling to pay your bill,54
2024-02,Credit monitoring or identity theft protection services,18
2024-02,Problem with fraud alerts or security freezes,3
2024-02,Unable to get your credit report or credit score,3
2024-03,Problem with a purchase shown on your statement,1282
2024-03,Getting a credit card,798
2024-03,Problem with a company's investigation into an existing problem,787
2024-03,Incorrect information on your report,608
2024-03,"Other features, terms, or problems",560
2024-03,Fees or interest,495
2024-03,Problem when making payments,386
2024-03,Closing your account,328
2024-03,"Advertising and marketing, including promotional offers",242
2024-03,Trouble using your card,229
2024-03,Improper use of your report,91
2024-03,Struggling to pay your bill,59
2024-03,Credit monitoring or identity theft protection services,18
2024-03,Problem with fraud alerts or security freezes,5
2024-03,Unable to get your credit report or credit score,1
2024-04,Problem with a company's investigation into an existing problem,1430
2024-04,Problem with a purchase shown on your statement,1234
2024-04,Getting a credit card,752
2024-04,Incorrect information on your report,627
2024-04,"Other features, terms, or problems",591
2024-04,Fees or interest,540
2024-04,"Advertising and marketing, including promotional offers",492
2024-04,Problem when making payments,340
2024-04,Closing your account,337
2024-04,Trouble using your card,165
2024-04,Improper use of your report,81
2024-04,Struggling to pay your bill,53
2024-04,Credit monitoring or identity theft protection services,23
2024-04,Problem with fraud alerts or security freezes,10
2024-04,Unable to get your credit report or credit score,1
2024-05,Problem with a company's investigation into an existing problem,1517
2024-05,Problem with a purchase shown on your statement,1232
2024-05,Incorrect information on your report,907
2024-05,Getting a credit card,726
2024-05,"Other features, terms, or problems",606
2024-05,Fees or interest,514
2024-05,Closing your account,367
2024-05,Problem when making payments,304
2024-05,"Advertising and marketing, including promotional offers",253
2024-05,Trouble using your card,173
2024-05,Struggling to pay your bill,76
2024-05,Improper use of your report,61
2024-05,Credit monitoring or identity theft protection services,12
2024-05,Problem with fraud alerts or security freezes,8
2024-05,Unable to get your credit report or credit score,4
2024-06,Incorrect information on your report,1103
2024-06,Problem with a purchase shown on your statement,1091
2024-06,Getting a credit card,778
2024-06,Fees or interest,529
2024-06,"Other features, terms, or problems",507
2024-06,Problem with a company's investigation into an existing problem,413
2024-06,Closing your account,344
2024-06,Problem when making payments,295
2024-06,"Advertising and marketing, including promotional offers",171
2024-06,Trouble using your card,171
2024-06,Improper use of your report,57
2024-06,Struggling to pay your bill,54
2024-06,Credit monitoring or identity theft protection services,13
2024-06,Problem with fraud alerts or security freezes,6
2024-06,Unable to get your credit report or credit score,3
2024-07,Incorrect information on your report,1536
2024-07,Problem with a purchase shown on your statement,1236
2024-07,Getting a credit card,773
2024-07,Fees or interest,538
2024-07,"Other features, terms, or problems",517
2024-07,Closing your account,369
2024-07,Problem when making payments,349
2024-07,Problem with a company's investigation into an existing problem,323
2024-07,"Advertising and marketing, including promotional offers",208
2024-07,Trouble using your card,186
2024-07,Struggling to pay your bill,70
2024-07,Improper use of your report,67
2024-07,Credit monitoring or identity theft protection services,14
2024-07,Problem with fraud alerts or security freezes,4
2024-07,Unable to get your credit report or credit score,2
2024-08,Incorrect information on your report,1962
2024-08,Problem with a purchase shown on your statement,1209
2024-08,Getting a credit card,971
2024-08,Problem with a company's investigation into an existing problem,699
2024-08,Fees or interest,624
2024-08,"Other features, terms, or problems",563
2024-08,Problem when making payments,356
2024-08,Closing your account,353
2024-08,Trouble using your card,219
2024-08,"Advertising and marketing, including promotional offers",208
2024-08,Struggling to pay your bill,99
2024-08,Improper use of your report,69
2024-08,Credit monitoring or identity theft protection services,16
2024-08,Unable to get your credit report or credit score,4
2024-08,Problem with fraud alerts or security freezes,3
2024-09,Incorrect information on your report,2000
2024-09,Problem with a purchase shown on your statement,1125
2024-09,Getting a credit card,905
2024-09,Problem with a company's investigation into an existing problem,811
2024-09,"Other features, terms, or problems",583
2024-09,Fees or interest,535
2024-09,Closing your account,353
2024-09,Problem when making payments,342
2024-09,Trouble using your card,200
2024-09,"Advertising and marketing, including promotional offers",186
2024-09,Struggling to pay your bill,67
2024-09,Improper use of your report,58
2024-09,Credit monitoring or identity theft protection services,12
2024-09,Problem with fraud alerts or security freezes,7
2024-09,Unable to get your credit report or credit score,1
2024-10,Incorrect information on your report,1513
2024-10,Problem with a purchase shown on your statement,1303
2024-10,Problem with a company's investigation into an existing problem,993
2024-10,Getting a credit card,865
2024-10,"Other features, terms, or problems",595
2024-10,Fees or interest,573
2024-10,Closing your account,382
2024-10,Problem when making payments,366
2024-10,"Advertising and marketing, including promotional offers",209
2024-10,Trouble using your card,201
2024-10,Improper use of your report,83
2024-10,Struggling to pay your bill,75
2024-10,Credit monitoring or identity theft protection services,12
2024-10,Problem with fraud alerts or security freezes,3
2024-10,Unable to get your credit report or credit score,3
2024-11,Problem with a purchase shown on your statement,1185
2024-11,Incorrect information on your report,1049
2024-11,Problem with a company's investigation into an existing problem,803
2024-11,Getting a credit card,766
2024-11,"Other features, terms, or problems",543
2024-11,Fees or interest,527
2024-11,Closing your account,363
2024-11,Problem when making payments,298
2024-11,"Advertising and marketing, including promotional offers",205
2024-11,Trouble using your card,190
2024-11,Struggling to pay your bill,87
2024-11,Improper use of your report,54
2024-11,Credit monitoring or identity theft protection services,15
2024-11,Problem with fraud alerts or security freezes,8
2024-11,Unable to get your credit report or credit score,2
2024-12,Problem with a purchase shown on your statement,1294
2024-12,Incorrect information on your report,1025
2024-12,Problem with a company's investigation into an existing problem,981
2024-12,Getting a credit card,809
2024-12,"Other features, terms, or problems",627
2024-12,Fees or interest,569
2024-12,Closing your account,422
2024-12,Problem when making payments,383
2024-12,"Advertising and marketing, including promotional offers",215
2024-12,Trouble using your card,209
2024-12,Struggling to pay your bill,85
2024-12,Improper use of your report,52
2024-12,Credit monitoring or identity theft protection services,16
2024-12,Unable to get your credit report or credit score,8
2024-12,Problem with fraud alerts or security freezes,2
2025-01,Problem with a company's investigation into an existing problem,1589
2025-01,Problem with a purchase shown on your statement,1479
2025-01,Incorrect information on your report,1242
2025-01,Getting a credit card,1061
2025-01,Fees or interest,926
2025-01,"Other features, terms, or problems",798
2025-01,Problem when making payments,604
2025-01,Closing your account,542
2025-01,"Advertising and marketing, including promotional offers",302
2025-01,Trouble using your card,282
2025-01,Improper use of your report,104
2025-01,Struggling to pay your bill,102
2025-01,Credit monitoring or identity theft protection services,28
2025-01,Problem with fraud alerts or security freezes,9
2025-01,Unable to get your credit report or credit score,5
2025-02,Problem with a purchase shown on your statement,1296
2025-02,Problem with a company's investigation into an existing problem,1135
2025-02,Getting a credit card,835
2025-02,Fees or interest,645
2025-02,"Other features, terms, or problems",635
2025-02,Closing your account,420
2025-02,Incorrect information on your report,367
2025-02,Problem when making payments,345
2025-02,"Advertising and marketing, including promotional offers",192
2025-02,Trouble using your card,173
2025-02,Struggling to pay your bill,99
2025-02,Improper use of your report,57
2025-02,Credit monitoring or identity theft protection services,7
2025-02,Problem with fraud alerts or security freezes,4
2025-02,Unable to get your credit report or credit score,3
2025-03,Problem with a purchase shown on your statement,1349
2025-03,Getting a credit card,903
2025-03,Problem with a company's investigation into an existing problem,883
2025-03,"Other features, terms, or problems",613
2025-03,Fees or interest,595
2025-03,Incorrect information on your report,523
2025-03,Closing your account,424
2025-03,Problem when making payments,389
2025-03,"Advertising and marketing, including promotional offers",231
2025-03,Trouble using your card,179
2025-03,Struggling to pay your bill,85
2025-03,Improper use of your report,52
2025-03,Credit monitoring or identity theft protection services,16
2025-03,Problem with fraud alerts or security freezes,8
2025-03,Unable to get your credit report or credit score,5
2025-04,Problem with a purchase shown on your statement,1394
2025-04,Incorrect information on your report,1170
2025-04,Getting a credit card,900
2025-04,Problem with a company's investigation into an existing problem,833
2025-04,"Other features, terms, or problems",669
2025-04,Fees or interest,494
2025-04,Closing your account,490
2025-04,Problem when making payments,371
2025-04,Trouble using your card,221
2025-04,"Advertising and marketing, including promotional offers",204
2025-04,Struggling to pay your bill,68
2025-04,Improper use of your report,61
2025-04,Credit monitoring or identity theft protection services,15
2025-04,Problem with fraud alerts or security freezes,5
2025-04,Unable to get your credit report or credit score,2
2025-05,Problem with a purchase shown on your statement,1545
2025-05,Incorrect information on your report,1382
2025-05,Getting a credit card,863
2025-05,Problem with a company's investigation into an existing problem,793
2025-05,"Other features, terms, or problems",669
2025-05,Fees or interest,629
2025-05,Closing your account,542
2025-05,Problem when making payments,380
2025-05,"Advertising and marketing, including promotional offers",264
2025-05,Trouble using your card,251
2025-05,Struggling to pay your bill,94
2025-05,Improper use of your report,82
2025-05,Credit monitoring or identity theft protection services,15
2025-05,Unable to get your credit report or credit score,5
2025-05,Problem with fraud alerts or security freezes,1
2025-06,Problem with a purchase shown on your statement,1586
2025-06,Incorrect information on your report,1331
2025-06,Getting a credit card,830
2025-06,Problem with a company's investigation into an existing problem,734
2025-06,"Other features, terms, or problems",635
2025-06,Fees or interest,632
2025-06,Closing your account,543
2025-06,Problem when making payments,370
2025-06,Trouble using your card,267
2025-06,"Advertising and marketing, including promotional offers",256
2025-06,Struggling to pay your bill,100
2025-06,Improper use of your report,46
2025-06,Credit monitoring or identity theft protection services,17
2025-06,Problem with fraud alerts or security freezes,11
2025-06,Unable to get your credit report or credit score,6
2025-07,Problem with a purchase shown on your statement,1802
2025-07,Incorrect information on your report,1498
2025-07,Getting a credit card,964
2025-07,Problem with a company's investigation into an existing problem,776
2025-07,"Other features, terms, or problems",758
2025-07,Fees or interest,664
2025-07,Closing your account,567
2025-07,Problem when making payments,353
2025-07,Trouble using your card,274
2025-07,"Advertising and marketing, including promotional offers",267
2025-07,Struggling to pay your bill,110
2025-07,Improper use of your report,44
2025-07,Credit monitoring or identity theft protection services,13
2025-07,Problem with fraud alerts or security freezes,13
2025-07,Unable to get your credit report or credit score,2
2025-08,Problem with a purchase shown on your statement,1652
2025-08,Incorrect information on your report,1396
2025-08,Problem with a company's investigation into an existing problem,1092
2025-08,Getting a credit card,915
2025-08,"Other features, terms, or problems",702
2025-08,Fees or interest,620
2025-08,Closing your account,485
2025-08,Problem when making payments,342
2025-08,Trouble using your card,261
2025-08,"Advertising and marketing, including promotional offers",247
2025-08,Struggling to pay your bill,118
2025-08,Improper use of your report,60
2025-08,Credit monitoring or identity theft protection services,14
2025-08,Problem with fraud alerts or security freezes,9
2025-08,Unable to get your credit report or credit score,6
2025-09,Problem with a purchase shown on your statement,1743
2025-09,Incorrect information on your report,1443
2025-09,Problem with a company's investigation into an existing problem,1419
2025-09,Getting a credit card,1050
2025-09,"Other features, terms, or problems",705
2025-09,Fees or interest,535
2025-09,Closing your account,531
2025-09,Problem when making payments,356
2025-09,"Advertising and marketing, including promotional offers",272
2025-09,Trouble using your card,233
2025-09,Struggling to pay your bill,119
2025-09,Improper use of your report,70
2025-09,Credit monitoring or identity theft protection services,21
2025-09,Problem with fraud alerts or security freezes,7
2025-10,Incorrect information on your report,1870
2025-10,Problem with a purchase shown on your statement,1689
2025-10,"Other features, terms, or problems",716
2025-10,Getting a credit card,663
2025-10,Fees or interest,580
2025-10,Closing your account,552
2025-10,Problem when making payments,343
2025-10,Trouble using your card,289
2025-10,"Advertising and marketing, including promotional offers",288
2025-10,Problem with a company's investigation into an existing problem,245
2025-10,Struggling to pay your bill,94
2025-10,Improper use of your report,54
2025-10,Credit monitoring or identity theft protection services,18
2025-10,Problem with fraud alerts or security freezes,8
2025-10,Unable to get your credit report or credit score,4
2025-11,Problem with a purchase shown on your statement,1823
2025-11,Incorrect information on your report,920
2025-11,Getting a credit card,858
2025-11,"Other features, terms, or problems",702
2025-11,Fees or interest,694
2025-11,Closing your account,562
2025-11,Problem when making payments,345
2025-11,Trouble using your card,263
2025-11,Problem with a company's investigation into an existing problem,244
2025-11,"Advertising and marketing, including promotional offers",243
2025-11,Struggling to pay your bill,128
2025-11,Improper use of your report,55
2025-11,Problem with fraud alerts or security freezes,9
2025-11,Unable to get your credit report or credit score,8
2025-11,Credit monitoring or identity theft protection services,7
2025-12,Problem with a purchase shown on your statement,2452
2025-12,Getting a credit card,963
2025-12,Fees or interest,822
2025-12,"Other features, terms, or problems",814
2025-12,Incorrect information on your report,593
2025-12,Closing your account,566
2025-12,Problem when making payments,398
2025-12,Problem with a company's investigation into an existing problem,383
2025-12,"Advertising and marketing, including promotional offers",339
2025-12,Trouble using your card,327
2025-12,Struggling to pay your bill,116
2025-12,Improper use of your report,59
2025-12,Credit monitoring or identity theft protection services,16
2025-12,Problem with fraud alerts or security freezes,8
2025-12,Unable to get your credit report or credit score,3
2026-01,Problem with a purchase shown on your statement,2939
2026-01,Incorrect information on your report,1154
2026-01,Getting a credit card,1113
2026-01,"Other features, terms, or problems",940
2026-01,Fees or interest,939
2026-01,Closing your account,592
2026-01,Problem when making payments,471
2026-01,"Advertising and marketing, including promotional offers",399
2026-01,Problem with a company's investigation into an existing problem,383
2026-01,Trouble using your card,345
2026-01,Struggling to pay your bill,127
2026-01,Improper use of your report,74
2026-01,Credit monitoring or identity theft protection services,25
2026-01,Problem with fraud alerts or security freezes,11
2026-01,Unable to get your credit report or credit score,4
2026-02,Problem with a purchase shown on your statement,2426
2026-02,Getting a credit card,918
2026-02,"Other features, terms, or problems",878
2026-02,Fees or interest,828
2026-02,Incorrect information on your report,511
2026-02,Closing your account,508
2026-02,Problem when making payments,343
2026-02,"Advertising and marketing, including promotional offers",300
2026-02,Problem with a company's investigation into an existing problem,275
2026-02,Trouble using your card,229
2026-02,Struggling to pay your bill,98
2026-02,Improper use of your report,60
2026-02,Credit monitoring or identity theft protection services,13
2026-02,Problem with fraud alerts or security freezes,9
2026-02,Unable to get your credit report or credit score,5
2026-03,Problem with a purchase shown on your statement,2837
2026-03,"Other features, terms, or problems",976
2026-03,Fees or interest,914
2026-03,Getting a credit card,884
2026-03,Incorrect information on your report,533
2026-03,Closing your account,501
2026-03,Problem when making payments,467
2026-03,"Advertising and marketing, including promotional offers",358
2026-03,Trouble using your card,320
2026-03,Problem with a company's investigation into an existing problem,295
2026-03,Struggling to pay your bill,138
2026-03,Improper use of your report,63
2026-03,Credit monitoring or identity theft protection services,27
2026-03,Problem with fraud alerts or security freezes,9
2026-03,Unable to get your credit report or credit score,5
2026-04,Problem with a purchase shown on your statement,2885
2026-04,"Other features, terms, or problems",932
2026-04,Getting a credit card,904
2026-04,Fees or interest,779
2026-04,Incorrect information on your report,508
2026-04,Closing your account,490
2026-04,Problem when making payments,438
2026-04,Problem with a company's investigation into an existing problem,419
2026-04,"Advertising and marketing, including promotional offers",379
2026-04,Trouble using your card,303
2026-04,Struggling to pay your bill,114
2026-04,Improper use of your report,47
2026-04,Credit monitoring or identity theft protection services,18
2026-04,Problem with fraud alerts or security freezes,9
2026-04,Unable to get your credit report or credit score,4
2026-05,Problem with a purchase shown on your statement,2680
2026-05,Getting a credit card,950
2026-05,"Other features, terms, or problems",947
2026-05,Fees or interest,791
2026-05,Closing your account,550
2026-05,Incorrect information on your report,425
2026-05,Problem when making payments,403
2026-05,Problem with a company's investigation into an existing problem,354
2026-05,"Advertising and marketing, including promotional offers",346
2026-05,Trouble using your card,317
2026-05,Struggling to pay your bill,103
2026-05,Improper use of your report,31
2026-05,Credit monitoring or identity theft protection services,14
2026-05,Problem with fraud alerts or security freezes,11
2026-05,Unable to get your credit report or credit score,1
2026-06,Problem with a purchase shown on your statement,2604
2026-06,"Other features, terms, or problems",918
2026-06,Getting a credit card,803
2026-06,Fees or interest,786
2026-06,Closing your account,560
2026-06,Problem when making payments,426
2026-06,Incorrect information on your report,353
2026-06,"Advertising and marketing, including promotional offers",342
2026-06,Trouble using your card,299
2026-06,Problem with a company's investigation into an existing problem,223
2026-06,Struggling to pay your bill,87
2026-06,Improper use of your report,37
2026-06,Credit monitoring or identity theft protection services,15
2026-06,Problem with fraud alerts or security freezes,9
2026-06,Unable to get your credit report or credit score,2
