area,to_area,day_type,hour,trips,earnings,trip_minutes,miles
Elsewhere,Elsewhere,weekday,0,44142,1065960.09,755980.3,952169.6
Elsewhere,Elsewhere,weekday,1,24846,561779.65,395077.9,484209.9
Elsewhere,Elsewhere,weekday,2,15726,333618.31,242412.6,566727.8
Elsewhere,Elsewhere,weekday,3,13596,290840.31,221320.3,272691.1
Elsewhere,Elsewhere,weekday,4,18917,453156.21,357786.0,379053.5
Elsewhere,Elsewhere,weekday,5,25205,708360.42,648968.4,1348154.9
Elsewhere,Elsewhere,weekday,6,45107,1305916.92,1369021.7,1634224.7
Elsewhere,Elsewhere,weekday,7,76945,2092722.92,2216067.6,2741714.0
Elsewhere,Elsewhere,weekday,8,84773,2204806.28,2321484.1,3036479.8
Elsewhere,Elsewhere,weekday,9,65901,1687408.2,1810417.7,1730014.9
Elsewhere,Elsewhere,weekday,10,53696,1416460.67,1536883.6,1085987.6
Elsewhere,Elsewhere,weekday,11,50991,1372042.33,1509391.0,1108887.3
Elsewhere,Elsewhere,weekday,12,54040,1465164.39,1602406.5,1046255.2
Elsewhere,Elsewhere,weekday,13,57916,1562981.13,1696268.9,956893.3
Elsewhere,Elsewhere,weekday,14,63847,1708218.55,1918351.5,1279163.8
Elsewhere,Elsewhere,weekday,15,61005,1734298.76,1998020.8,1325605.5
Elsewhere,Elsewhere,weekday,16,42484,1283477.77,1522572.0,865580.3
Elsewhere,Elsewhere,weekday,17,43161,1252501.64,1374628.4,1067816.8
Elsewhere,Elsewhere,weekday,18,40279,1103049.07,1054384.1,674694.5
Elsewhere,Elsewhere,weekday,19,39882,1065515.93,942539.6,775380.9
Elsewhere,Elsewhere,weekday,20,47383,1191055.1,982702.7,668442.7
Elsewhere,Elsewhere,weekday,21,49451,1266277.03,977204.7,808594.5
Elsewhere,Elsewhere,weekday,22,62939,1620602.62,1219651.5,682307.6
Elsewhere,Elsewhere,weekday,23,64580,1661757.77,1222728.3,935587.4
Elsewhere,Elsewhere,weekend,0,41751,1074014.17,797230.7,802257.8
Elsewhere,Elsewhere,weekend,1,30977,745848.79,551388.4,307720.5
Elsewhere,Elsewhere,weekend,2,25183,605990.21,433240.7,214080.3
Elsewhere,Elsewhere,weekend,3,25586,624286.62,438384.6,245697.3
Elsewhere,Elsewhere,weekend,4,28076,702202.13,471492.1,274580.7
Elsewhere,Elsewhere,weekend,5,17377,421990.92,295455.3,567521.7
Elsewhere,Elsewhere,weekend,6,16492,396229.92,296626.5,680508.7
Elsewhere,Elsewhere,weekend,7,17940,454034.5,378962.8,653737.0
Elsewhere,Elsewhere,weekend,8,21272,556784.65,505668.5,680917.4
Elsewhere,Elsewhere,weekend,9,25899,666423.48,613523.9,666460.6
Elsewhere,Elsewhere,weekend,10,26590,669302.36,627017.0,1020385.4
Elsewhere,Elsewhere,weekend,11,26198,659481.2,633971.3,648641.3
Elsewhere,Elsewhere,weekend,12,27503,706090.12,677907.0,366296.0
Elsewhere,Elsewhere,weekend,13,29975,790320.19,744583.0,457852.7
Elsewhere,Elsewhere,weekend,14,30530,810714.07,763766.5,538323.4
Elsewhere,Elsewhere,weekend,15,29568,791983.6,734748.0,471751.0
Elsewhere,Elsewhere,weekend,16,28160,749331.72,683839.3,566283.2
Elsewhere,Elsewhere,weekend,17,30412,806731.28,723405.5,1065348.9
Elsewhere,Elsewhere,weekend,18,33737,880062.12,769486.4,640378.5
Elsewhere,Elsewhere,weekend,19,34277,883423.73,749354.2,484457.7
Elsewhere,Elsewhere,weekend,20,35638,912711.46,751979.8,837021.1
Elsewhere,Elsewhere,weekend,21,36424,929092.83,743450.7,296647.4
Elsewhere,Elsewhere,weekend,22,42766,1112659.63,854252.0,900163.4
Elsewhere,Elsewhere,weekend,23,45827,1221289.4,890601.8,762601.9
Elsewhere,JFK,weekday,0,101,3865.42,1674.0,728.3
Elsewhere,JFK,weekday,1,88,3393.51,1692.6,782.1
Elsewhere,JFK,weekday,2,133,5668.68,2741.1,1205.1
Elsewhere,JFK,weekday,3,491,23427.79,9945.1,4628.4
Elsewhere,JFK,weekday,4,1144,71905.69,26035.7,12747.6
Elsewhere,JFK,weekday,5,1425,98123.24,38726.2,152452.6
Elsewhere,JFK,weekday,6,1293,91883.72,38188.9,89299.0
Elsewhere,JFK,weekday,7,1107,82884.59,35356.9,12653.5
Elsewhere,JFK,weekday,8,1089,82265.24,36990.9,12625.1
Elsewhere,JFK,weekday,9,913,69652.07,29667.7,10622.0
Elsewhere,JFK,weekday,10,977,76720.86,31205.6,11013.3
Elsewhere,JFK,weekday,11,1100,86375.55,33192.7,11921.9
Elsewhere,JFK,weekday,12,1518,122323.42,48138.5,15921.1
Elsewhere,JFK,weekday,13,1970,163636.63,67980.8,21109.7
Elsewhere,JFK,weekday,14,2551,218969.2,98395.2,27100.8
Elsewhere,JFK,weekday,15,2553,217350.37,100691.1,23595.9
Elsewhere,JFK,weekday,16,2328,202992.56,87950.8,22192.9
Elsewhere,JFK,weekday,17,1670,145827.4,60888.5,15524.6
Elsewhere,JFK,weekday,18,1218,102762.32,37081.1,11019.6
Elsewhere,JFK,weekday,19,819,64539.18,22409.5,7723.9
Elsewhere,JFK,weekday,20,522,36538.41,12762.8,5182.9
Elsewhere,JFK,weekday,21,455,28193.45,10964.4,4420.7
Elsewhere,JFK,weekday,22,257,17597.32,6065.0,2701.3
Elsewhere,JFK,weekday,23,163,8541.52,3883.3,1545.3
Elsewhere,JFK,weekend,0,36,1670.21,618.8,313.4
Elsewhere,JFK,weekend,1,35,1401.96,829.8,330.2
Elsewhere,JFK,weekend,2,63,3803.74,1381.1,698.7
Elsewhere,JFK,weekend,3,225,11841.65,5088.2,2292.5
Elsewhere,JFK,weekend,4,554,34876.17,12673.9,6131.4
Elsewhere,JFK,weekend,5,618,43124.87,15080.0,6707.8
Elsewhere,JFK,weekend,6,608,43054.55,15015.8,6928.9
Elsewhere,JFK,weekend,7,550,41778.61,13476.4,7142.3
Elsewhere,JFK,weekend,8,545,44830.9,13306.1,7242.3
Elsewhere,JFK,weekend,9,558,47639.22,15497.2,8387.7
Elsewhere,JFK,weekend,10,552,45644.23,15063.0,7363.0
Elsewhere,JFK,weekend,11,516,40462.7,12536.1,5305.5
Elsewhere,JFK,weekend,12,707,59329.98,19198.1,7458.8
Elsewhere,JFK,weekend,13,916,75465.47,26818.8,9445.5
Elsewhere,JFK,weekend,14,1166,99763.7,35986.9,12009.9
Elsewhere,JFK,weekend,15,1151,96718.45,34146.9,11256.5
Elsewhere,JFK,weekend,16,1081,93247.37,31870.3,10969.6
Elsewhere,JFK,weekend,17,996,86824.34,28228.2,10140.0
Elsewhere,JFK,weekend,18,746,62929.95,19317.7,7394.4
Elsewhere,JFK,weekend,19,407,31752.79,9779.7,3970.5
Elsewhere,JFK,weekend,20,263,17916.26,6282.7,2552.5
Elsewhere,JFK,weekend,21,172,12085.39,4049.7,1726.3
Elsewhere,JFK,weekend,22,136,8991.62,3182.0,1297.2
Elsewhere,JFK,weekend,23,82,4920.04,1903.4,977.0
Elsewhere,LaGuardia,weekday,0,34,797.83,376.5,137.3
Elsewhere,LaGuardia,weekday,1,20,461.34,165.9,68.3
Elsewhere,LaGuardia,weekday,2,45,1643.91,730.1,313.8
Elsewhere,LaGuardia,weekday,3,315,16709.74,4918.1,2340.3
Elsewhere,LaGuardia,weekday,4,956,49345.05,14808.2,7400.6
Elsewhere,LaGuardia,weekday,5,1030,55567.85,15535.2,7613.9
Elsewhere,LaGuardia,weekday,6,1072,62379.07,18027.0,76978.6
Elsewhere,LaGuardia,weekday,7,1243,73489.63,24371.4,9237.5
Elsewhere,LaGuardia,weekday,8,1283,74901.36,25907.9,9531.0
Elsewhere,LaGuardia,weekday,9,1040,62472.8,19067.2,7456.3
Elsewhere,LaGuardia,weekday,10,1062,63680.27,18710.1,7181.4
Elsewhere,LaGuardia,weekday,11,1117,68198.39,19245.8,7009.3
Elsewhere,LaGuardia,weekday,12,1285,78197.57,22872.3,8289.8
Elsewhere,LaGuardia,weekday,13,1252,73523.59,23899.4,7839.5
Elsewhere,LaGuardia,weekday,14,1268,76626.1,27116.1,8063.9
Elsewhere,LaGuardia,weekday,15,1326,77731.18,30959.1,7736.9
Elsewhere,LaGuardia,weekday,16,973,59333.39,19974.8,5147.7
Elsewhere,LaGuardia,weekday,17,806,45248.62,16711.7,4056.8
Elsewhere,LaGuardia,weekday,18,575,29750.65,10346.1,2847.5
Elsewhere,LaGuardia,weekday,19,276,12811.23,4718.9,1497.2
Elsewhere,LaGuardia,weekday,20,111,4666.44,1848.2,692.4
Elsewhere,LaGuardia,weekday,21,70,2044.45,853.3,301.5
Elsewhere,LaGuardia,weekday,22,70,1968.52,951.6,319.5
Elsewhere,LaGuardia,weekday,23,48,1168.15,600.9,208.0
Elsewhere,LaGuardia,weekend,0,21,431.79,179.6,70.1
Elsewhere,LaGuardia,weekend,1,9,280.23,215.1,74.3
Elsewhere,LaGuardia,weekend,2,22,1141.8,400.0,160.6
Elsewhere,LaGuardia,weekend,3,141,7591.61,2091.9,981.4
Elsewhere,LaGuardia,weekend,4,405,21819.39,5938.3,3011.1
Elsewhere,LaGuardia,weekend,5,382,21383.52,5197.2,2652.6
Elsewhere,LaGuardia,weekend,6,418,25453.82,5713.0,2910.9
Elsewhere,LaGuardia,weekend,7,543,33924.7,8541.8,4367.4
Elsewhere,LaGuardia,weekend,8,634,40164.81,9975.4,4899.3
Elsewhere,LaGuardia,weekend,9,576,37140.39,10112.6,4627.1
Elsewhere,LaGuardia,weekend,10,516,33154.07,8267.6,3535.9
Elsewhere,LaGuardia,weekend,11,514,33294.2,7244.4,3158.1
Elsewhere,LaGuardia,weekend,12,537,34564.25,7725.0,127522.2
Elsewhere,LaGuardia,weekend,13,545,34539.94,8276.2,3307.6
Elsewhere,LaGuardia,weekend,14,520,32285.57,8299.0,3264.8
Elsewhere,LaGuardia,weekend,15,478,28841.51,7714.2,2910.5
Elsewhere,LaGuardia,weekend,16,443,27337.74,7024.8,2632.0
Elsewhere,LaGuardia,weekend,17,339,20043.71,5228.2,1948.1
Elsewhere,LaGuardia,weekend,18,240,13699.62,3738.8,1394.9
Elsewhere,LaGuardia,weekend,19,130,6530.95,2006.6,765.4
Elsewhere,LaGuardia,weekend,20,46,1849.99,619.7,219.1
Elsewhere,LaGuardia,weekend,21,31,856.88,502.4,177.1
Elsewhere,LaGuardia,weekend,22,18,416.86,341.4,88.7
Elsewhere,LaGuardia,weekend,23,17,537.0,496.3,107.4
Elsewhere,Manhattan,weekday,0,14541,529171.88,315463.7,236836.1
Elsewhere,Manhattan,weekday,1,7265,250652.51,152477.1,55795.6
Elsewhere,Manhattan,weekday,2,4284,136443.41,89887.2,32261.4
Elsewhere,Manhattan,weekday,3,4197,141426.79,110911.2,134348.0
Elsewhere,Manhattan,weekday,4,10865,391838.11,350193.4,513334.6
Elsewhere,Manhattan,weekday,5,24495,940856.58,947062.8,1395445.2
Elsewhere,Manhattan,weekday,6,49007,1813336.16,2024901.2,2779365.6
Elsewhere,Manhattan,weekday,7,58184,2151450.29,2441680.9,3075557.7
Elsewhere,Manhattan,weekday,8,54125,2039822.26,2316579.5,3162707.6
Elsewhere,Manhattan,weekday,9,39577,1528045.0,1726522.9,1366330.5
Elsewhere,Manhattan,weekday,10,30076,1195920.36,1332113.0,423857.7
Elsewhere,Manhattan,weekday,11,27388,1098513.36,1194919.4,423558.0
Elsewhere,Manhattan,weekday,12,27218,1085018.02,1135092.7,456245.0
Elsewhere,Manhattan,weekday,13,25884,1030668.68,1033443.5,371535.0
Elsewhere,Manhattan,weekday,14,26444,1083600.6,1059068.2,880461.0
Elsewhere,Manhattan,weekday,15,25145,1034397.89,995297.4,453228.0
Elsewhere,Manhattan,weekday,16,21879,1019176.74,890010.5,561715.1
Elsewhere,Manhattan,weekday,17,19969,805144.89,722079.1,484910.7
Elsewhere,Manhattan,weekday,18,19060,737410.65,584481.7,817464.6
Elsewhere,Manhattan,weekday,19,18701,709307.54,512509.5,640823.7
Elsewhere,Manhattan,weekday,20,21735,782663.36,541929.9,343329.5
Elsewhere,Manhattan,weekday,21,25300,922835.84,631151.0,480012.5
Elsewhere,Manhattan,weekday,22,31925,1154111.74,788970.2,590268.3
Elsewhere,Manhattan,weekday,23,28208,1017240.49,673465.2,361551.6
Elsewhere,Manhattan,weekend,0,20544,665410.84,483988.3,497531.4
Elsewhere,Manhattan,weekend,1,16268,493370.68,364192.2,126042.7
Elsewhere,Manhattan,weekend,2,13097,392580.86,281600.1,245867.2
Elsewhere,Manhattan,weekend,3,11789,362663.97,253686.8,80659.7
Elsewhere,Manhattan,weekend,4,10222,330532.76,218754.4,104420.6
Elsewhere,Manhattan,weekend,5,7992,265615.43,186258.1,192126.5
Elsewhere,Manhattan,weekend,6,10074,326882.6,242588.4,858722.5
Elsewhere,Manhattan,weekend,7,9833,331494.3,269933.1,1051612.9
Elsewhere,Manhattan,weekend,8,10975,368248.44,317754.2,226162.1
Elsewhere,Manhattan,weekend,9,12948,431798.26,368317.8,580973.9
Elsewhere,Manhattan,weekend,10,13532,451331.44,392422.9,395484.7
Elsewhere,Manhattan,weekend,11,13053,448125.53,401333.9,226310.1
Elsewhere,Manhattan,weekend,12,12864,456390.97,406061.2,248565.4
Elsewhere,Manhattan,weekend,13,13484,483865.3,419469.2,726337.2
Elsewhere,Manhattan,weekend,14,13394,498948.67,421227.1,587432.7
Elsewhere,Manhattan,weekend,15,13070,488026.16,401797.9,198580.7
Elsewhere,Manhattan,weekend,16,12918,487397.78,395728.9,187800.2
Elsewhere,Manhattan,weekend,17,13816,504455.15,409038.5,167762.8
Elsewhere,Manhattan,weekend,18,15440,546133.67,434173.7,412649.6
Elsewhere,Manhattan,weekend,19,14802,514846.82,395019.9,98114.4
Elsewhere,Manhattan,weekend,20,14321,494560.11,364938.5,193759.2
Elsewhere,Manhattan,weekend,21,15438,535616.41,392476.7,286305.9
Elsewhere,Manhattan,weekend,22,18988,661553.07,473683.6,235292.6
Elsewhere,Manhattan,weekend,23,19438,687672.3,470849.9,141883.2
JFK,Elsewhere,weekday,0,35394,2133069.15,905329.8,463967.5
JFK,Elsewhere,weekday,1,20613,1172051.09,487154.2,254776.8
JFK,Elsewhere,weekday,2,7832,429415.37,172795.6,94490.5
JFK,Elsewhere,weekday,3,3689,191005.43,77581.2,42588.5
JFK,Elsewhere,weekday,4,3421,171452.99,69277.5,38789.6
JFK,Elsewhere,weekday,5,12036,606866.15,270829.0,135701.5
JFK,Elsewhere,weekday,6,18851,1083295.81,627618.1,224631.3
JFK,Elsewhere,weekday,7,16801,1120276.88,739133.7,214662.7
JFK,Elsewhere,weekday,8,12865,828745.76,505558.5,163572.4
JFK,Elsewhere,weekday,9,13424,811954.43,445835.5,167934.6
JFK,Elsewhere,weekday,10,16269,968147.9,533110.5,199938.3
JFK,Elsewhere,weekday,11,14012,921964.58,498569.8,188326.8
JFK,Elsewhere,weekday,12,17874,1212771.79,665685.1,249219.2
JFK,Elsewhere,weekday,13,19662,1349285.74,787904.8,268598.3
JFK,Elsewhere,weekday,14,29540,2059083.76,1387936.9,392473.1
JFK,Elsewhere,weekday,15,35396,2581229.26,1793043.8,479505.9
JFK,Elsewhere,weekday,16,37628,2778502.11,1906163.4,527420.9
JFK,Elsewhere,weekday,17,35664,2560607.32,1693469.4,487650.8
JFK,Elsewhere,weekday,18,34762,2370317.1,1427917.7,472494.1
JFK,Elsewhere,weekday,19,39223,2564449.65,1371605.4,532258.4
JFK,Elsewhere,weekday,20,43027,2694779.87,1295221.4,574928.7
JFK,Elsewhere,weekday,21,42142,2519916.23,1133375.4,543284.4
JFK,Elsewhere,weekday,22,42822,2608185.86,1205419.4,559846.5
JFK,Elsewhere,weekday,23,40098,2472525.97,1116073.1,521808.2
JFK,Elsewhere,weekend,0,11609,689155.36,302255.7,147808.7
JFK,Elsewhere,weekend,1,6145,343498.05,145584.5,74888.8
JFK,Elsewhere,weekend,2,2338,123669.6,50236.1,27430.4
JFK,Elsewhere,weekend,3,1228,59018.39,24413.9,13381.5
JFK,Elsewhere,weekend,4,1143,55412.57,22575.5,12555.6
JFK,Elsewhere,weekend,5,4634,216155.73,86602.7,49690.9
JFK,Elsewhere,weekend,6,8004,368034.09,151664.3,84978.8
JFK,Elsewhere,weekend,7,8003,390608.42,162293.1,88756.7
JFK,Elsewhere,weekend,8,6712,347034.62,145714.9,77475.8
JFK,Elsewhere,weekend,9,6524,344414.47,153116.8,76046.7
JFK,Elsewhere,weekend,10,7470,403981.39,194585.9,88058.0
JFK,Elsewhere,weekend,11,6403,399016.78,199786.3,83829.1
JFK,Elsewhere,weekend,12,7733,494349.89,260715.2,102935.6
JFK,Elsewhere,weekend,13,9025,606746.99,331884.6,124840.5
JFK,Elsewhere,weekend,14,11881,817718.86,468637.4,166202.3
JFK,Elsewhere,weekend,15,13931,987987.63,581663.1,197936.1
JFK,Elsewhere,weekend,16,14812,1064092.79,638420.2,212500.5
JFK,Elsewhere,weekend,17,14593,1025971.86,606135.6,206137.9
JFK,Elsewhere,weekend,18,14527,978421.54,556973.7,200440.1
JFK,Elsewhere,weekend,19,16254,1075363.37,580235.5,222961.9
JFK,Elsewhere,weekend,20,17468,1102290.79,569084.3,232863.5
JFK,Elsewhere,weekend,21,18789,1115034.76,547096.8,238956.1
JFK,Elsewhere,weekend,22,20049,1184270.75,555034.5,254321.5
JFK,Elsewhere,weekend,23,20095,1168764.91,508953.0,253234.8
JFK,JFK,weekday,0,831,18453.49,8325.4,2912.6
JFK,JFK,weekday,1,517,11568.53,5132.5,1849.7
JFK,JFK,weekday,2,245,6143.22,2535.4,1029.4
JFK,JFK,weekday,3,139,3940.44,1970.7,685.3
JFK,JFK,weekday,4,217,9332.67,2711.9,1069.7
JFK,JFK,weekday,5,494,17703.52,5725.7,2082.0
JFK,JFK,weekday,6,729,23517.74,8763.8,2816.2
JFK,JFK,weekday,7,705,22323.52,9714.8,2824.5
JFK,JFK,weekday,8,614,19938.63,9081.2,2826.3
JFK,JFK,weekday,9,651,18439.44,8538.9,2824.5
JFK,JFK,weekday,10,812,23078.94,11432.7,3540.1
JFK,JFK,weekday,11,768,23137.26,9804.5,3201.2
JFK,JFK,weekday,12,878,27003.32,10921.2,3397.9
JFK,JFK,weekday,13,994,34664.14,12173.3,3805.8
JFK,JFK,weekday,14,1377,45225.47,19589.2,4975.8
JFK,JFK,weekday,15,1764,56997.39,23633.2,5683.7
JFK,JFK,weekday,16,1623,54378.57,21261.7,5285.0
JFK,JFK,weekday,17,1446,44335.02,19959.9,4928.0
JFK,JFK,weekday,18,1271,37750.42,16258.0,4647.8
JFK,JFK,weekday,19,1282,37568.8,15001.7,4590.9
JFK,JFK,weekday,20,1211,31106.38,14124.9,4838.0
JFK,JFK,weekday,21,1123,27639.81,12739.6,4158.7
JFK,JFK,weekday,22,1062,26089.15,11950.0,3888.8
JFK,JFK,weekday,23,1096,26241.41,11295.9,3872.2
JFK,JFK,weekend,0,269,6247.03,2668.8,933.0
JFK,JFK,weekend,1,160,3644.68,1681.6,661.2
JFK,JFK,weekend,2,80,1910.31,894.1,307.2
JFK,JFK,weekend,3,61,1755.95,992.0,335.6
JFK,JFK,weekend,4,72,3295.91,1046.4,396.4
JFK,JFK,weekend,5,197,7839.73,2464.0,922.9
JFK,JFK,weekend,6,278,9874.31,4121.9,1327.2
JFK,JFK,weekend,7,269,8849.45,4455.3,1407.0
JFK,JFK,weekend,8,250,8522.43,4161.4,1261.6
JFK,JFK,weekend,9,347,9982.07,4882.5,1646.5
JFK,JFK,weekend,10,349,10266.34,4555.9,1440.2
JFK,JFK,weekend,11,286,8865.44,3181.9,1064.8
JFK,JFK,weekend,12,328,9830.0,3957.8,1212.3
JFK,JFK,weekend,13,525,17197.36,5707.3,1817.8
JFK,JFK,weekend,14,649,19581.78,7071.4,2338.9
JFK,JFK,weekend,15,684,21722.62,8111.0,2310.6
JFK,JFK,weekend,16,623,19431.76,7120.2,2155.3
JFK,JFK,weekend,17,580,18047.28,6692.5,2009.0
JFK,JFK,weekend,18,502,15564.0,5801.8,1723.8
JFK,JFK,weekend,19,518,14379.77,5980.6,1773.8
JFK,JFK,weekend,20,511,12727.28,5889.6,1785.5
JFK,JFK,weekend,21,460,10003.83,5075.6,1561.4
JFK,JFK,weekend,22,490,12709.86,6073.0,1998.0
JFK,JFK,weekend,23,482,11562.12,5198.7,1836.5
JFK,LaGuardia,weekday,0,229,11220.11,4675.5,2622.2
JFK,LaGuardia,weekday,1,188,9096.05,3643.5,2116.2
JFK,LaGuardia,weekday,2,98,4950.83,1777.8,1147.3
JFK,LaGuardia,weekday,3,73,3587.04,1317.7,859.4
JFK,LaGuardia,weekday,4,148,7470.11,2357.2,1685.6
JFK,LaGuardia,weekday,5,510,23597.5,9228.3,5727.2
JFK,LaGuardia,weekday,6,526,27015.44,14407.9,5906.2
JFK,LaGuardia,weekday,7,568,31713.92,19872.4,6468.1
JFK,LaGuardia,weekday,8,560,30138.03,17473.2,6319.4
JFK,LaGuardia,weekday,9,655,34348.55,17518.6,7382.9
JFK,LaGuardia,weekday,10,717,38144.53,20134.7,8128.9
JFK,LaGuardia,weekday,11,849,46494.08,24766.4,9630.3
JFK,LaGuardia,weekday,12,1133,62355.03,34062.7,12854.8
JFK,LaGuardia,weekday,13,1252,69819.27,38909.6,14194.6
JFK,LaGuardia,weekday,14,1400,80025.26,51797.7,15944.8
JFK,LaGuardia,weekday,15,1532,88784.44,60526.0,17484.8
JFK,LaGuardia,weekday,16,1522,87546.73,57426.3,17433.9
JFK,LaGuardia,weekday,17,1361,78163.8,51032.8,15522.8
JFK,LaGuardia,weekday,18,886,49021.37,30014.6,10098.9
JFK,LaGuardia,weekday,19,652,33968.49,18050.2,7409.9
JFK,LaGuardia,weekday,20,664,31672.22,15033.2,7441.9
JFK,LaGuardia,weekday,21,542,25266.87,10956.6,6114.9
JFK,LaGuardia,weekday,22,356,17360.17,7847.0,3999.3
JFK,LaGuardia,weekday,23,286,14884.23,7108.7,3297.7
JFK,LaGuardia,weekend,0,112,5357.67,2185.5,1258.4
JFK,LaGuardia,weekend,1,77,3645.99,1375.2,867.0
JFK,LaGuardia,weekend,2,37,1704.37,600.7,417.5
JFK,LaGuardia,weekend,3,36,1725.81,622.3,406.6
JFK,LaGuardia,weekend,4,52,2591.09,853.2,607.7
JFK,LaGuardia,weekend,5,208,9734.69,3351.9,2351.2
JFK,LaGuardia,weekend,6,340,15670.09,5612.3,3825.7
JFK,LaGuardia,weekend,7,401,18474.51,6934.2,4474.8
JFK,LaGuardia,weekend,8,356,16665.69,6309.0,4017.7
JFK,LaGuardia,weekend,9,301,14670.25,5955.0,3389.5
JFK,LaGuardia,weekend,10,311,15167.81,6461.2,3503.5
JFK,LaGuardia,weekend,11,342,17615.77,7750.6,3873.0
JFK,LaGuardia,weekend,12,447,23036.51,10845.8,5084.0
JFK,LaGuardia,weekend,13,530,27372.79,13630.1,6030.1
JFK,LaGuardia,weekend,14,570,29644.52,16221.6,6437.4
JFK,LaGuardia,weekend,15,563,29885.95,17306.7,6371.0
JFK,LaGuardia,weekend,16,520,27400.96,15898.0,5845.1
JFK,LaGuardia,weekend,17,411,21633.97,12320.4,4604.7
JFK,LaGuardia,weekend,18,294,15351.67,8483.5,3336.4
JFK,LaGuardia,weekend,19,228,11584.0,5965.5,2575.8
JFK,LaGuardia,weekend,20,267,12765.49,6314.8,2985.6
JFK,LaGuardia,weekend,21,259,11716.22,5608.5,2856.0
JFK,LaGuardia,weekend,22,203,9199.71,4084.4,2242.5
JFK,LaGuardia,weekend,23,206,9465.42,3880.0,2280.9
JFK,Manhattan,weekday,0,27798,2296957.51,1025989.9,519868.7
JFK,Manhattan,weekday,1,12639,1038540.92,439364.5,235207.8
JFK,Manhattan,weekday,2,3517,287047.1,115346.4,65477.6
JFK,Manhattan,weekday,3,1245,101089.7,39568.0,23087.9
JFK,Manhattan,weekday,4,1190,96236.55,36978.4,21873.5
JFK,Manhattan,weekday,5,6156,504219.7,231801.8,113734.0
JFK,Manhattan,weekday,6,15705,1299468.42,880348.3,289365.7
JFK,Manhattan,weekday,7,21761,1810839.23,1536303.8,396718.7
JFK,Manhattan,weekday,8,16858,1398919.57,1143434.3,308400.4
JFK,Manhattan,weekday,9,14607,1204636.84,886396.2,269257.4
JFK,Manhattan,weekday,10,15992,1315631.44,973633.1,295066.2
JFK,Manhattan,weekday,11,21739,1800488.03,1278000.3,400161.5
JFK,Manhattan,weekday,12,27386,2269393.01,1605354.4,505265.6
JFK,Manhattan,weekday,13,32360,2674100.96,1985809.3,593429.5
JFK,Manhattan,weekday,14,46113,3813439.69,3210851.7,838266.7
JFK,Manhattan,weekday,15,50526,4194508.68,3626667.4,915917.3
JFK,Manhattan,weekday,16,59567,4980395.85,4137287.2,1080094.5
JFK,Manhattan,weekday,17,53199,4416223.26,3491263.7,974985.1
JFK,Manhattan,weekday,18,45179,3744672.01,2553812.1,828015.9
JFK,Manhattan,weekday,19,47737,3966819.95,2291680.0,880519.1
JFK,Manhattan,weekday,20,46735,3871098.16,1996942.1,863317.4
JFK,Manhattan,weekday,21,40525,3353888.71,1600979.9,747945.8
JFK,Manhattan,weekday,22,39397,3264991.05,1661854.6,733475.1
JFK,Manhattan,weekday,23,34057,2822692.0,1463410.3,652155.1
JFK,Manhattan,weekend,0,7998,660129.76,310201.6,149627.9
JFK,Manhattan,weekend,1,3149,258678.45,112718.0,58462.9
JFK,Manhattan,weekend,2,878,71725.28,28751.4,16227.8
JFK,Manhattan,weekend,3,352,28710.97,11160.4,6564.6
JFK,Manhattan,weekend,4,310,24608.39,9760.9,5698.5
JFK,Manhattan,weekend,5,1509,122237.19,46846.7,27521.1
JFK,Manhattan,weekend,6,3312,269474.87,108093.8,60347.4
JFK,Manhattan,weekend,7,4830,393633.93,164570.1,88088.4
JFK,Manhattan,weekend,8,4467,364511.56,162483.9,81949.0
JFK,Manhattan,weekend,9,4338,354580.48,172543.5,79639.0
JFK,Manhattan,weekend,10,5299,432806.72,231971.8,97102.9
JFK,Manhattan,weekend,11,7911,654121.26,384450.7,144945.8
JFK,Manhattan,weekend,12,10453,865145.63,533074.7,192252.8
JFK,Manhattan,weekend,13,14125,1170562.56,744507.6,259688.7
JFK,Manhattan,weekend,14,19341,1599228.14,1084467.6,354523.1
JFK,Manhattan,weekend,15,22844,1895564.81,1324907.8,419531.2
JFK,Manhattan,weekend,16,25410,2111816.56,1492374.1,469570.9
JFK,Manhattan,weekend,17,22548,1869981.06,1279994.5,413912.7
JFK,Manhattan,weekend,18,20509,1697801.22,1086331.9,377765.9
JFK,Manhattan,weekend,19,21436,1781460.22,1040397.3,395545.4
JFK,Manhattan,weekend,20,20892,1734593.65,958002.4,386086.3
JFK,Manhattan,weekend,21,19438,1611453.52,823916.8,359584.9
JFK,Manhattan,weekend,22,18910,1565855.97,749866.8,348937.0
JFK,Manhattan,weekend,23,16185,1332394.67,584076.5,298215.0
LaGuardia,Elsewhere,weekday,0,14414,668238.84,277452.2,131751.5
LaGuardia,Elsewhere,weekday,1,4409,207322.34,80900.6,41262.8
LaGuardia,Elsewhere,weekday,2,1566,72386.77,27583.2,14554.0
LaGuardia,Elsewhere,weekday,3,353,16687.22,6465.4,3373.4
LaGuardia,Elsewhere,weekday,4,105,5132.45,2000.0,1024.0
LaGuardia,Elsewhere,weekday,5,107,5114.04,2230.6,1064.4
LaGuardia,Elsewhere,weekday,6,186,11082.1,5173.3,2116.9
LaGuardia,Elsewhere,weekday,7,2556,126604.1,76839.5,23525.2
LaGuardia,Elsewhere,weekday,8,5257,271931.55,170832.4,51155.2
LaGuardia,Elsewhere,weekday,9,7823,408560.43,236878.5,76066.3
LaGuardia,Elsewhere,weekday,10,10333,530079.96,297252.0,98491.1
LaGuardia,Elsewhere,weekday,11,8486,449371.81,249198.0,82712.6
LaGuardia,Elsewhere,weekday,12,9846,515039.06,291408.6,94546.4
LaGuardia,Elsewhere,weekday,13,10911,573529.88,334250.2,103930.3
LaGuardia,Elsewhere,weekday,14,15305,840711.09,548703.3,147090.3
LaGuardia,Elsewhere,weekday,15,15469,868367.4,603770.1,147787.7
LaGuardia,Elsewhere,weekday,16,15121,853575.03,596351.0,143225.2
LaGuardia,Elsewhere,weekday,17,14268,783161.65,518092.0,134349.2
LaGuardia,Elsewhere,weekday,18,14394,757089.56,443972.1,136254.8
LaGuardia,Elsewhere,weekday,19,14796,757986.89,391320.2,142007.4
LaGuardia,Elsewhere,weekday,20,15446,759270.08,356758.1,144820.4
LaGuardia,Elsewhere,weekday,21,16899,824856.12,370777.5,158814.8
LaGuardia,Elsewhere,weekday,22,16687,801142.65,366764.0,154308.3
LaGuardia,Elsewhere,weekday,23,18875,883123.83,395749.1,172367.0
LaGuardia,Elsewhere,weekend,0,3017,143207.56,64932.0,27783.9
LaGuardia,Elsewhere,weekend,1,723,35135.07,14188.4,6847.3
LaGuardia,Elsewhere,weekend,2,257,12605.43,4817.1,2442.2
LaGuardia,Elsewhere,weekend,3,50,2106.75,874.4,428.4
LaGuardia,Elsewhere,weekend,4,38,2292.09,951.6,470.7
LaGuardia,Elsewhere,weekend,5,41,2153.42,863.8,440.8
LaGuardia,Elsewhere,weekend,6,71,3028.01,1316.3,648.8
LaGuardia,Elsewhere,weekend,7,591,26978.1,11769.6,5647.5
LaGuardia,Elsewhere,weekend,8,1319,64459.32,28488.4,13225.7
LaGuardia,Elsewhere,weekend,9,2709,129499.48,59606.1,25951.9
LaGuardia,Elsewhere,weekend,10,4185,199128.28,97508.8,39214.7
LaGuardia,Elsewhere,weekend,11,3397,168991.5,86453.3,32539.4
LaGuardia,Elsewhere,weekend,12,3801,191187.65,101342.0,36476.8
LaGuardia,Elsewhere,weekend,13,4276,217866.73,118901.6,40563.1
LaGuardia,Elsewhere,weekend,14,5999,308850.02,179138.0,56929.5
LaGuardia,Elsewhere,weekend,15,5755,294377.1,170914.3,54449.0
LaGuardia,Elsewhere,weekend,16,5719,296562.43,169318.6,54613.1
LaGuardia,Elsewhere,weekend,17,5692,292171.44,168347.9,54250.3
LaGuardia,Elsewhere,weekend,18,5825,291376.03,157779.6,55026.2
LaGuardia,Elsewhere,weekend,19,5645,275477.81,141117.0,52643.8
LaGuardia,Elsewhere,weekend,20,5838,276079.56,137662.7,61114.1
LaGuardia,Elsewhere,weekend,21,6567,306541.68,146758.5,59556.6
LaGuardia,Elsewhere,weekend,22,6522,295261.52,136554.2,57944.4
LaGuardia,Elsewhere,weekend,23,7765,354453.93,157092.0,69923.1
LaGuardia,JFK,weekday,0,113,6543.18,2959.9,1426.2
LaGuardia,JFK,weekday,1,45,2540.1,1087.4,550.9
LaGuardia,JFK,weekday,2,21,1161.15,446.8,262.8
LaGuardia,JFK,weekday,3,21,1131.63,418.7,262.7
LaGuardia,JFK,weekday,4,37,1964.72,706.1,444.6
LaGuardia,JFK,weekday,5,80,4633.73,2116.1,987.7
LaGuardia,JFK,weekday,6,153,8762.14,4564.6,1875.2
LaGuardia,JFK,weekday,7,198,11633.47,5863.9,2463.8
LaGuardia,JFK,weekday,8,341,19789.53,10796.0,4177.6
LaGuardia,JFK,weekday,9,390,23079.29,12845.7,4850.9
LaGuardia,JFK,weekday,10,542,32962.94,18098.6,6748.6
LaGuardia,JFK,weekday,11,521,32649.31,17648.4,6485.2
LaGuardia,JFK,weekday,12,525,33336.64,19082.5,6458.5
LaGuardia,JFK,weekday,13,685,43286.78,25671.0,8477.2
LaGuardia,JFK,weekday,14,847,52641.23,33748.7,10303.8
LaGuardia,JFK,weekday,15,920,59024.09,40920.1,11163.4
LaGuardia,JFK,weekday,16,768,49312.58,35206.8,9398.6
LaGuardia,JFK,weekday,17,666,42199.12,27764.5,8133.6
LaGuardia,JFK,weekday,18,501,30254.8,17944.4,6097.6
LaGuardia,JFK,weekday,19,521,30322.53,15738.9,6360.3
LaGuardia,JFK,weekday,20,364,20770.07,9647.0,4441.6
LaGuardia,JFK,weekday,21,254,14573.75,6858.3,3100.4
LaGuardia,JFK,weekday,22,179,10710.32,5227.7,2186.6
LaGuardia,JFK,weekday,23,141,9188.23,4788.2,1829.3
LaGuardia,JFK,weekend,0,34,1969.14,896.4,420.1
LaGuardia,JFK,weekend,1,7,379.12,180.0,82.6
LaGuardia,JFK,weekend,2,4,226.75,90.6,47.8
LaGuardia,JFK,weekend,3,3,198.42,95.7,43.6
LaGuardia,JFK,weekend,4,12,636.4,269.5,139.5
LaGuardia,JFK,weekend,5,32,1792.62,846.5,377.2
LaGuardia,JFK,weekend,6,58,3195.72,1469.5,671.1
LaGuardia,JFK,weekend,7,85,4815.65,1925.5,1040.4
LaGuardia,JFK,weekend,8,102,5805.48,2284.9,1259.0
LaGuardia,JFK,weekend,9,141,7993.18,3285.5,1710.1
LaGuardia,JFK,weekend,10,173,9851.05,4310.1,2128.9
LaGuardia,JFK,weekend,11,203,11642.14,5359.6,2484.9
LaGuardia,JFK,weekend,12,258,15250.23,7549.1,3132.8
LaGuardia,JFK,weekend,13,249,14880.23,8341.0,3020.7
LaGuardia,JFK,weekend,14,352,21440.15,12421.2,4288.6
LaGuardia,JFK,weekend,15,319,19537.38,11255.3,3883.5
LaGuardia,JFK,weekend,16,312,18820.21,10287.2,3814.4
LaGuardia,JFK,weekend,17,294,17262.59,9121.9,3586.0
LaGuardia,JFK,weekend,18,227,12946.0,6808.1,2776.5
LaGuardia,JFK,weekend,19,174,9812.85,4578.9,2121.3
LaGuardia,JFK,weekend,20,110,6061.84,2711.3,1320.1
LaGuardia,JFK,weekend,21,97,5379.42,2327.0,1176.8
LaGuardia,JFK,weekend,22,59,3365.22,1358.2,727.1
LaGuardia,JFK,weekend,23,66,3670.18,1622.9,816.3
LaGuardia,LaGuardia,weekday,0,145,2427.08,1020.0,293.6
LaGuardia,LaGuardia,weekday,1,65,1088.86,560.7,134.2
LaGuardia,LaGuardia,weekday,2,25,374.8,185.8,54.7
LaGuardia,LaGuardia,weekday,3,9,274.25,54.7,18.5
LaGuardia,LaGuardia,weekday,4,46,1638.64,481.2,193.9
LaGuardia,LaGuardia,weekday,5,78,2636.48,886.1,345.0
LaGuardia,LaGuardia,weekday,6,87,3327.78,1281.7,442.5
LaGuardia,LaGuardia,weekday,7,106,3892.26,1699.3,502.0
LaGuardia,LaGuardia,weekday,8,178,6961.5,3336.3,47283.3
LaGuardia,LaGuardia,weekday,9,171,6555.72,3489.0,961.4
LaGuardia,LaGuardia,weekday,10,214,6859.45,4023.9,994.6
LaGuardia,LaGuardia,weekday,11,213,6814.2,3518.3,799.9
LaGuardia,LaGuardia,weekday,12,214,6792.61,3645.2,871.6
LaGuardia,LaGuardia,weekday,13,224,8335.95,4753.0,1125.4
LaGuardia,LaGuardia,weekday,14,305,8406.58,4790.9,1036.4
LaGuardia,LaGuardia,weekday,15,320,8677.04,4090.0,869.5
LaGuardia,LaGuardia,weekday,16,279,7764.97,3989.6,895.5
LaGuardia,LaGuardia,weekday,17,231,5728.24,2804.0,633.1
LaGuardia,LaGuardia,weekday,18,228,5204.86,2604.8,614.1
LaGuardia,LaGuardia,weekday,19,195,4440.16,2530.8,624.1
LaGuardia,LaGuardia,weekday,20,152,3493.25,1703.0,499.2
LaGuardia,LaGuardia,weekday,21,145,3139.89,1630.4,396.1
LaGuardia,LaGuardia,weekday,22,143,3028.41,1468.5,342.5
LaGuardia,LaGuardia,weekday,23,159,3418.56,1208.0,344.7
LaGuardia,LaGuardia,weekend,0,25,513.36,187.3,46.8
LaGuardia,LaGuardia,weekend,1,16,316.22,248.0,43.3
LaGuardia,LaGuardia,weekend,2,5,57.18,24.1,7.0
LaGuardia,LaGuardia,weekend,3,5,74.13,13.8,3.6
LaGuardia,LaGuardia,weekend,4,17,660.29,290.3,117.8
LaGuardia,LaGuardia,weekend,5,25,671.93,186.7,69.5
LaGuardia,LaGuardia,weekend,6,31,1613.31,620.9,279.2
LaGuardia,LaGuardia,weekend,7,40,1356.56,409.2,145.9
LaGuardia,LaGuardia,weekend,8,51,2414.19,849.5,330.2
LaGuardia,LaGuardia,weekend,9,63,2131.68,974.5,307.8
LaGuardia,LaGuardia,weekend,10,55,2072.06,935.5,305.1
LaGuardia,LaGuardia,weekend,11,86,2415.49,954.1,281.9
LaGuardia,LaGuardia,weekend,12,92,2992.4,1401.7,350.2
LaGuardia,LaGuardia,weekend,13,84,2398.73,1338.4,321.8
LaGuardia,LaGuardia,weekend,14,112,3899.0,1866.0,428.3
LaGuardia,LaGuardia,weekend,15,100,2919.51,1178.0,312.1
LaGuardia,LaGuardia,weekend,16,96,2884.81,1038.5,258.1
LaGuardia,LaGuardia,weekend,17,103,2641.19,989.3,279.1
LaGuardia,LaGuardia,weekend,18,75,2165.22,1194.4,297.4
LaGuardia,LaGuardia,weekend,19,76,1957.43,978.5,249.8
LaGuardia,LaGuardia,weekend,20,57,1354.16,745.9,169.7
LaGuardia,LaGuardia,weekend,21,62,1454.23,1034.0,234.1
LaGuardia,LaGuardia,weekend,22,42,934.27,587.5,141.7
LaGuardia,LaGuardia,weekend,23,72,1967.53,807.0,233.1
LaGuardia,Manhattan,weekday,0,23061,1143793.81,487054.7,221674.9
LaGuardia,Manhattan,weekday,1,6610,322979.7,130339.0,63346.2
LaGuardia,Manhattan,weekday,2,2047,98764.93,39089.2,19540.5
LaGuardia,Manhattan,weekday,3,457,22328.11,8851.7,4458.5
LaGuardia,Manhattan,weekday,4,123,5850.2,2365.9,1188.3
LaGuardia,Manhattan,weekday,5,112,5618.43,2396.8,1042.8
LaGuardia,Manhattan,weekday,6,320,16675.61,8706.9,3163.2
LaGuardia,Manhattan,weekday,7,11473,675857.65,432277.2,120630.3
LaGuardia,Manhattan,weekday,8,20147,1248838.0,895227.4,210034.6
LaGuardia,Manhattan,weekday,9,36311,2208905.87,1531564.8,370862.0
LaGuardia,Manhattan,weekday,10,44992,2690277.06,1817353.0,450768.9
LaGuardia,Manhattan,weekday,11,37453,2234241.26,1425583.8,374899.3
LaGuardia,Manhattan,weekday,12,40305,2343855.06,1445159.3,398722.0
LaGuardia,Manhattan,weekday,13,42904,2491528.38,1540561.2,421339.9
LaGuardia,Manhattan,weekday,14,56398,3355579.89,2268131.8,549386.9
LaGuardia,Manhattan,weekday,15,50628,3010463.72,2098256.1,488098.5
LaGuardia,Manhattan,weekday,16,44815,2637393.27,1795608.9,429752.2
LaGuardia,Manhattan,weekday,17,38474,2209480.56,1434584.7,369033.9
LaGuardia,Manhattan,weekday,18,37245,2040380.68,1190028.0,357553.9
LaGuardia,Manhattan,weekday,19,37360,1957713.97,987361.0,359276.5
LaGuardia,Manhattan,weekday,20,37623,1938134.0,908763.4,363208.3
LaGuardia,Manhattan,weekday,21,39719,2039627.11,955050.3,383305.1
LaGuardia,Manhattan,weekday,22,34965,1791727.18,846114.0,335619.3
LaGuardia,Manhattan,weekday,23,34756,1760847.63,809399.2,334276.1
LaGuardia,Manhattan,weekend,0,4514,230151.08,106374.6,43270.0
LaGuardia,Manhattan,weekend,1,1091,55038.48,23395.2,10570.8
LaGuardia,Manhattan,weekend,2,327,16251.77,6679.9,3139.8
LaGuardia,Manhattan,weekend,3,68,3475.79,1387.0,696.7
LaGuardia,Manhattan,weekend,4,33,1649.67,646.5,314.1
LaGuardia,Manhattan,weekend,5,31,1498.71,588.6,292.5
LaGuardia,Manhattan,weekend,6,77,3995.01,1488.9,695.6
LaGuardia,Manhattan,weekend,7,1010,49125.07,21225.6,9596.6
LaGuardia,Manhattan,weekend,8,2794,141389.53,64019.9,27838.7
LaGuardia,Manhattan,weekend,9,7109,365724.74,174111.2,70073.7
LaGuardia,Manhattan,weekend,10,10952,573488.02,292142.0,107625.1
LaGuardia,Manhattan,weekend,11,9531,516176.4,275424.0,93482.5
LaGuardia,Manhattan,weekend,12,11484,626017.84,350192.5,111471.4
LaGuardia,Manhattan,weekend,13,13152,725512.6,414334.3,128161.1
LaGuardia,Manhattan,weekend,14,17651,968469.53,575127.9,170630.3
LaGuardia,Manhattan,weekend,15,15464,848788.54,500119.8,149585.7
LaGuardia,Manhattan,weekend,16,14976,813173.15,476073.5,143771.4
LaGuardia,Manhattan,weekend,17,14137,757830.19,436905.4,135078.5
LaGuardia,Manhattan,weekend,18,13902,729314.01,399201.0,133109.9
LaGuardia,Manhattan,weekend,19,12777,655661.2,330843.2,122785.1
LaGuardia,Manhattan,weekend,20,12617,638358.14,305260.3,120793.7
LaGuardia,Manhattan,weekend,21,13894,700449.16,328256.5,133644.7
LaGuardia,Manhattan,weekend,22,12208,605576.8,272644.7,116514.3
LaGuardia,Manhattan,weekend,23,13013,636546.62,274372.4,124294.0
Manhattan,Elsewhere,weekday,0,55624,1973445.73,1342217.7,496353.5
Manhattan,Elsewhere,weekday,1,32524,1115657.21,722084.4,623063.3
Manhattan,Elsewhere,weekday,2,21255,732763.34,463506.8,159922.7
Manhattan,Elsewhere,weekday,3,14603,545674.75,323254.2,118325.1
Manhattan,Elsewhere,weekday,4,12861,589899.68,301532.2,126272.8
Manhattan,Elsewhere,weekday,5,11146,578506.78,296718.9,243474.7
Manhattan,Elsewhere,weekday,6,16103,763482.7,471446.7,404558.1
Manhattan,Elsewhere,weekday,7,24546,1104651.18,777759.1,432023.5
Manhattan,Elsewhere,weekday,8,28537,1300492.47,932808.7,491239.2
Manhattan,Elsewhere,weekday,9,32113,1466372.38,1061740.8,429444.8
Manhattan,Elsewhere,weekday,10,37548,1714298.35,1313245.3,524671.0
Manhattan,Elsewhere,weekday,11,43957,2031095.9,1610796.5,673440.3
Manhattan,Elsewhere,weekday,12,47330,2231306.02,1778410.6,812011.5
Manhattan,Elsewhere,weekday,13,52143,2536313.15,1989089.7,557049.5
Manhattan,Elsewhere,weekday,14,59213,2934495.57,2465571.2,573316.1
Manhattan,Elsewhere,weekday,15,64074,3139975.22,2917794.3,637358.1
Manhattan,Elsewhere,weekday,16,61292,2961913.39,2896964.3,610270.4
Manhattan,Elsewhere,weekday,17,67669,3049998.52,2776177.1,907360.3
Manhattan,Elsewhere,weekday,18,71325,2931748.6,2325089.7,645359.4
Manhattan,Elsewhere,weekday,19,80563,3141233.54,2337182.5,613733.0
Manhattan,Elsewhere,weekday,20,96430,3706475.12,2626680.7,880475.7
Manhattan,Elsewhere,weekday,21,111577,4326230.6,2951079.1,866818.1
Manhattan,Elsewhere,weekday,22,115694,4501248.67,3097464.9,912791.5
Manhattan,Elsewhere,weekday,23,95781,3600808.34,2533707.5,930334.9
Manhattan,Elsewhere,weekend,0,48761,1745017.51,1227954.5,340158.9
Manhattan,Elsewhere,weekend,1,40090,1377157.84,932092.2,261464.8
Manhattan,Elsewhere,weekend,2,31994,1102028.98,712763.9,219048.2
Manhattan,Elsewhere,weekend,3,25246,874941.06,551902.7,179620.2
Manhattan,Elsewhere,weekend,4,18162,692437.24,402664.5,222682.7
Manhattan,Elsewhere,weekend,5,7377,326005.36,172580.1,68445.2
Manhattan,Elsewhere,weekend,6,6273,291910.25,152629.9,251309.1
Manhattan,Elsewhere,weekend,7,8683,395484.27,222398.5,100205.8
Manhattan,Elsewhere,weekend,8,10625,486637.99,283518.5,123941.3
Manhattan,Elsewhere,weekend,9,13574,606171.94,365946.0,205675.8
Manhattan,Elsewhere,weekend,10,16253,714923.61,449578.3,142897.5
Manhattan,Elsewhere,weekend,11,20087,898954.66,580946.9,190501.9
Manhattan,Elsewhere,weekend,12,21599,966819.61,647321.3,182743.7
Manhattan,Elsewhere,weekend,13,22557,1037400.07,688844.6,436679.4
Manhattan,Elsewhere,weekend,14,23773,1110852.9,757466.8,286153.5
Manhattan,Elsewhere,weekend,15,24739,1122610.05,808558.2,315664.4
Manhattan,Elsewhere,weekend,16,26030,1145637.98,855931.0,200986.6
Manhattan,Elsewhere,weekend,17,27071,1166272.37,871592.5,459596.3
Manhattan,Elsewhere,weekend,18,28145,1153825.62,867126.9,204169.4
Manhattan,Elsewhere,weekend,19,27620,1076897.34,814326.2,309605.4
Manhattan,Elsewhere,weekend,20,26629,997092.22,752106.6,185600.8
Manhattan,Elsewhere,weekend,21,28851,1073690.9,792406.2,201259.3
Manhattan,Elsewhere,weekend,22,33176,1240571.63,915654.4,349717.2
Manhattan,Elsewhere,weekend,23,34773,1280484.2,934869.7,240173.2
Manhattan,JFK,weekday,0,180,13203.22,6936.1,3126.5
Manhattan,JFK,weekday,1,170,13185.02,5766.4,2973.1
Manhattan,JFK,weekday,2,415,32096.36,13304.9,7374.1
Manhattan,JFK,weekday,3,1741,138672.26,54402.0,30999.6
Manhattan,JFK,weekday,4,6297,504221.15,199937.1,111946.3
Manhattan,JFK,weekday,5,9949,809002.97,380816.0,346107.0
Manhattan,JFK,weekday,6,9840,815106.79,424375.3,378047.5
Manhattan,JFK,weekday,7,8523,711322.97,423567.2,265915.3
Manhattan,JFK,weekday,8,8743,735906.12,476866.7,159328.3
Manhattan,JFK,weekday,9,7541,633410.87,413774.3,137768.1
Manhattan,JFK,weekday,10,8246,687192.51,439094.7,149556.7
Manhattan,JFK,weekday,11,10412,863975.92,562588.3,188695.2
Manhattan,JFK,weekday,12,14966,1251173.78,868781.1,270842.1
Manhattan,JFK,weekday,13,19918,1670669.78,1205831.2,434686.8
Manhattan,JFK,weekday,14,22243,1874693.73,1487001.8,561372.5
Manhattan,JFK,weekday,15,18508,1573043.08,1330159.7,346687.2
Manhattan,JFK,weekday,16,17299,1465328.5,1259911.0,389080.2
Manhattan,JFK,weekday,17,12775,1079087.04,880630.5,217494.5
Manhattan,JFK,weekday,18,8551,714772.21,495426.7,146951.3
Manhattan,JFK,weekday,19,5524,456923.57,267323.1,96010.1
Manhattan,JFK,weekday,20,3278,267847.54,143981.6,58595.1
Manhattan,JFK,weekday,21,2176,175104.44,91085.2,38180.6
Manhattan,JFK,weekday,22,1228,99476.43,55533.3,21862.7
Manhattan,JFK,weekday,23,476,37793.14,23130.3,8561.0
Manhattan,JFK,weekend,0,87,6580.25,3427.7,1477.0
Manhattan,JFK,weekend,1,89,6809.89,3273.8,1571.2
Manhattan,JFK,weekend,2,210,16819.73,7001.1,3695.7
Manhattan,JFK,weekend,3,881,70342.82,28579.5,15740.9
Manhattan,JFK,weekend,4,2632,211010.89,88196.1,47235.6
Manhattan,JFK,weekend,5,3608,293108.87,130060.8,84635.7
Manhattan,JFK,weekend,6,3857,313791.9,132706.2,68895.5
Manhattan,JFK,weekend,7,3651,296935.24,122133.8,65634.5
Manhattan,JFK,weekend,8,3776,309023.86,127530.3,67465.1
Manhattan,JFK,weekend,9,3374,275983.49,123663.9,60226.3
Manhattan,JFK,weekend,10,3533,290449.82,138433.4,62865.0
Manhattan,JFK,weekend,11,4450,365121.35,191422.9,79193.7
Manhattan,JFK,weekend,12,6002,495351.13,290260.3,107331.2
Manhattan,JFK,weekend,13,7638,633013.22,397067.6,136503.1
Manhattan,JFK,weekend,14,8736,726284.96,482262.2,155675.4
Manhattan,JFK,weekend,15,7772,645150.29,435650.2,138359.1
Manhattan,JFK,weekend,16,6835,567167.92,373100.8,121638.5
Manhattan,JFK,weekend,17,5656,468557.13,299188.8,100659.7
Manhattan,JFK,weekend,18,3795,313751.32,187570.0,67763.2
Manhattan,JFK,weekend,19,2199,179883.05,102076.1,39154.0
Manhattan,JFK,weekend,20,1227,99098.62,53653.3,21798.2
Manhattan,JFK,weekend,21,718,57710.16,30110.7,12646.0
Manhattan,JFK,weekend,22,451,36247.63,18282.9,7911.3
Manhattan,JFK,weekend,23,195,14914.49,7749.4,3318.0
Manhattan,LaGuardia,weekday,0,79,3445.69,1801.4,725.1
Manhattan,LaGuardia,weekday,1,71,3440.85,1720.0,727.1
Manhattan,LaGuardia,weekday,2,258,13153.36,5539.1,2652.6
Manhattan,LaGuardia,weekday,3,2442,123205.43,51564.0,25030.9
Manhattan,LaGuardia,weekday,4,9441,456656.59,191066.7,411615.5
Manhattan,LaGuardia,weekday,5,13996,687217.2,286474.6,140013.0
Manhattan,LaGuardia,weekday,6,15644,814608.16,365532.6,256691.9
Manhattan,LaGuardia,weekday,7,19216,1048097.85,538896.1,385824.6
Manhattan,LaGuardia,weekday,8,19817,1119466.47,601070.6,646291.6
Manhattan,LaGuardia,weekday,9,19334,1113227.69,600768.6,203526.2
Manhattan,LaGuardia,weekday,10,20147,1160703.71,626868.9,213091.9
Manhattan,LaGuardia,weekday,11,23450,1357937.73,743596.4,249182.0
Manhattan,LaGuardia,weekday,12,25192,1457634.0,827075.4,265154.3
Manhattan,LaGuardia,weekday,13,24763,1430109.27,849882.7,375608.5
Manhattan,LaGuardia,weekday,14,23486,1374195.61,872172.7,244284.0
Manhattan,LaGuardia,weekday,15,22340,1322834.9,913760.4,222564.8
Manhattan,LaGuardia,weekday,16,18793,1128722.22,813704.9,186430.4
Manhattan,LaGuardia,weekday,17,14090,826569.83,582258.2,231755.1
Manhattan,LaGuardia,weekday,18,7935,436916.57,267584.5,77104.5
Manhattan,LaGuardia,weekday,19,3946,209015.54,112449.5,38258.2
Manhattan,LaGuardia,weekday,20,1371,69844.48,35958.9,13451.1
Manhattan,LaGuardia,weekday,21,332,16158.43,8613.6,3123.3
Manhattan,LaGuardia,weekday,22,203,9274.7,5176.5,1755.7
Manhattan,LaGuardia,weekday,23,110,5283.59,2972.8,1020.6
Manhattan,LaGuardia,weekend,0,32,1504.51,785.3,310.7
Manhattan,LaGuardia,weekend,1,37,1943.29,919.5,384.6
Manhattan,LaGuardia,weekend,2,169,8872.53,4004.9,1728.5
Manhattan,LaGuardia,weekend,3,1205,61801.21,26953.5,12461.9
Manhattan,LaGuardia,weekend,4,3086,154691.22,65459.2,31455.5
Manhattan,LaGuardia,weekend,5,4305,214759.21,88008.8,43417.3
Manhattan,LaGuardia,weekend,6,5058,259261.51,105004.9,52176.6
Manhattan,LaGuardia,weekend,7,6974,367061.44,152287.1,77735.2
Manhattan,LaGuardia,weekend,8,7609,403674.45,171656.6,80770.1
Manhattan,LaGuardia,weekend,9,7228,387971.03,168459.5,77022.8
Manhattan,LaGuardia,weekend,10,7337,398758.45,180662.4,78230.7
Manhattan,LaGuardia,weekend,11,8149,451617.31,215735.7,87665.4
Manhattan,LaGuardia,weekend,12,8463,474241.74,239307.9,90573.0
Manhattan,LaGuardia,weekend,13,7544,420055.3,222734.0,79922.9
Manhattan,LaGuardia,weekend,14,6698,380219.7,204818.7,71319.7
Manhattan,LaGuardia,weekend,15,5918,333355.76,189483.3,61921.3
Manhattan,LaGuardia,weekend,16,4789,270605.18,157525.4,49873.9
Manhattan,LaGuardia,weekend,17,3398,190171.04,109737.5,39955.2
Manhattan,LaGuardia,weekend,18,2004,108829.94,61066.4,20341.0
Manhattan,LaGuardia,weekend,19,838,43130.94,23913.4,8250.2
Manhattan,LaGuardia,weekend,20,273,13499.92,7540.4,2622.2
Manhattan,LaGuardia,weekend,21,93,4062.0,2268.4,803.4
Manhattan,LaGuardia,weekend,22,46,1736.71,1023.0,366.4
Manhattan,LaGuardia,weekend,23,43,2218.35,1172.3,430.2
Manhattan,Manhattan,weekday,0,410790,6597232.48,4519880.8,2337778.5
Manhattan,Manhattan,weekday,1,206289,3205161.02,2140475.9,964975.6
Manhattan,Manhattan,weekday,2,117248,1814254.63,1199063.5,403058.0
Manhattan,Manhattan,weekday,3,73778,1137160.3,745955.9,608689.3
Manhattan,Manhattan,weekday,4,68868,1112559.83,700007.5,1083462.9
Manhattan,Manhattan,weekday,5,137187,1997516.96,1269968.3,3921514.2
Manhattan,Manhattan,weekday,6,380189,5626209.56,3831748.7,4414184.7
Manhattan,Manhattan,weekday,7,845220,13516026.09,9952435.3,6206796.0
Manhattan,Manhattan,weekday,8,1198864,20620860.17,16179226.2,6235110.4
Manhattan,Manhattan,weekday,9,1213371,20967687.94,17087588.2,4362492.3
Manhattan,Manhattan,weekday,10,1186675,20695158.61,17374396.6,3351912.5
Manhattan,Manhattan,weekday,11,1243813,22194148.78,18987567.8,3163281.8
Manhattan,Manhattan,weekday,12,1327616,23408979.0,19982332.7,4162708.6
Manhattan,Manhattan,weekday,13,1368404,23994313.91,20346490.1,4561486.8
Manhattan,Manhattan,weekday,14,1467985,25649866.51,21783986.3,4541850.8
Manhattan,Manhattan,weekday,15,1558824,27225821.94,23146706.4,5211959.8
Manhattan,Manhattan,weekday,16,1505100,26303380.57,21672218.7,4711075.1
Manhattan,Manhattan,weekday,17,1758103,30882736.72,25207846.5,6407806.0
Manhattan,Manhattan,weekday,18,1877514,31901001.78,25240155.5,7753323.2
Manhattan,Manhattan,weekday,19,1637812,27128825.38,20794686.8,5363286.9
Manhattan,Manhattan,weekday,20,1608413,26866826.82,20435078.6,5507773.6
Manhattan,Manhattan,weekday,21,1667019,28811242.2,21382167.5,6534275.8
Manhattan,Manhattan,weekday,22,1459645,25670187.93,18781387.2,6009286.2
Manhattan,Manhattan,weekday,23,1003205,17096099.55,12359504.4,3385716.4
Manhattan,Manhattan,weekend,0,596978,10466967.34,7545091.9,2192798.2
Manhattan,Manhattan,weekend,1,480169,8084395.44,5762468.4,1680119.0
Manhattan,Manhattan,weekend,2,336291,5494367.13,3818141.7,1380915.2
Manhattan,Manhattan,weekend,3,212116,3396067.91,2298585.3,960122.4
Manhattan,Manhattan,weekend,4,114203,1893579.69,1204605.0,570703.2
Manhattan,Manhattan,weekend,5,45316,719847.28,453894.1,527008.9
Manhattan,Manhattan,weekend,6,68519,1036024.91,671830.2,1149346.2
Manhattan,Manhattan,weekend,7,105277,1539932.64,1002256.8,649710.4
Manhattan,Manhattan,weekend,8,180076,2610583.1,1756605.7,1053320.3
Manhattan,Manhattan,weekend,9,296095,4364543.54,3034193.6,1290763.7
Manhattan,Manhattan,weekend,10,403482,6072956.05,4396105.6,2256244.4
Manhattan,Manhattan,weekend,11,482913,7611162.15,5758115.7,1860945.0
Manhattan,Manhattan,weekend,12,541891,8854579.71,6895676.4,1768366.2
Manhattan,Manhattan,weekend,13,570997,9625674.04,7664871.2,2362997.3
Manhattan,Manhattan,weekend,14,568265,9706844.46,7803716.8,3062322.2
Manhattan,Manhattan,weekend,15,573528,9931349.05,8028780.7,2253060.0
Manhattan,Manhattan,weekend,16,603951,10587066.62,8610093.0,2043288.9
Manhattan,Manhattan,weekend,17,634415,11168236.92,9079212.9,2873203.7
Manhattan,Manhattan,weekend,18,654122,11353136.38,9190769.9,3528984.4
Manhattan,Manhattan,weekend,19,601409,10320418.51,8341524.3,1967292.0
Manhattan,Manhattan,weekend,20,512544,8659350.58,6809451.0,2394149.4
Manhattan,Manhattan,weekend,21,497634,8463985.5,6572018.2,1907388.0
Manhattan,Manhattan,weekend,22,495999,8665997.74,6695634.4,2135185.3
Manhattan,Manhattan,weekend,23,441379,7851980.0,5835505.8,1685500.2
